{"0.0":{"x":[-0.0509032395,0.089009375],"y":[-0.0461199762,0.2213827929]},"0.03157379551346526":{"x":[-0.0509032395,0.0656284721],"y":[-0.0461199762,0.2173776678]},"0.06314759102693052":{"x":[-0.0509032395,0.0421821493],"y":[-0.0461199762,0.2131558559]},"0.09472138654039577":{"x":[-0.0509032395,0.0186937785],"y":[-0.0461199762,0.2087215656]},"0.12629518205386103":{"x":[-0.0509032395,-0.0048132267],"y":[-0.0461199762,0.2040792171]},"0.1578689775673263":{"x":[-0.0509032395,-0.028315434],"y":[-0.0461199762,0.199233438]},"0.18944277308079155":{"x":[-0.0509032395,-0.0517894159],"y":[-0.0461199762,0.1941890587]},"0.2210165685942568":{"x":[-0.0509032395,-0.0752117729],"y":[-0.0461199762,0.1889511075]},"0.25259036410772207":{"x":[-0.0509032395,-0.0985591572],"y":[-0.0461199762,0.1835248057]},"0.28416415962118735":{"x":[-0.0509032395,-0.1218082956],"y":[-0.0461199762,0.1779155624]},"0.3157379551346526":{"x":[-0.0509032395,-0.1449360128],"y":[-0.0461199762,0.172128969]},"0.3473117506481178":{"x":[-0.0509032395,-0.1679192547],"y":[-0.0461199762,0.1661707937]},"0.3788855461615831":{"x":[-0.0509032395,-0.190735111],"y":[-0.0461199762,0.1600469758]},"0.4104593416750484":{"x":[-0.0509032395,-0.2133608384],"y":[-0.0461199762,0.1537636195]},"0.4420331371885136":{"x":[-0.0509032395,-0.235773883],"y":[-0.0461199762,0.1473269884]},"0.47360693270197884":{"x":[-0.0509032395,-0.2579519031],"y":[-0.0461199762,0.1407434984]},"0.5051807282154441":{"x":[-0.0509032395,-0.2798727912],"y":[-0.0461199762,0.1340197123]},"0.5367545237289094":{"x":[-0.0509032395,-0.301514696],"y":[-0.0461199762,0.1271623325]},"0.5683283192423747":{"x":[-0.0509032395,-0.3228560444],"y":[-0.0461199762,0.1201781944]},"0.5999021147558399":{"x":[-0.0509032395,-0.3438755628],"y":[-0.0461199762,0.1130742601]},"0.6314759102693052":{"x":[-0.0509032395,-0.3645522986],"y":[-0.0461199762,0.105857611]},"0.6630497057827704":{"x":[-0.0509032395,-0.3848656408],"y":[-0.0461199762,0.0985354407]},"0.6946235012962356":{"x":[-0.0509032395,-0.4047953405],"y":[-0.0461199762,0.091115048]},"0.7261972968097009":{"x":[-0.0509032395,-0.4243215314],"y":[-0.0461199762,0.08360383]},"0.7577710923231662":{"x":[-0.0509032395,-0.4434247494],"y":[-0.0461199762,0.0760092738]},"0.7893448878366315":{"x":[-0.0509032395,-0.4620859519],"y":[-0.0461199762,0.0683389499]},"0.8209186833500968":{"x":[-0.0509032395,-0.4802865371],"y":[-0.0461199762,0.0606005043]},"0.8524924788635619":{"x":[-0.0509032395,-0.4980083623],"y":[-0.0461199762,0.0528016508]},"0.8840662743770272":{"x":[-0.0509032395,-0.5152337619],"y":[-0.0461199762,0.0449501634]},"0.9156400698904925":{"x":[-0.0509032395,-0.5319455652],"y":[-0.0461199762,0.0370538687]},"0.9472138654039577":{"x":[-0.0509032395,-0.5481271137],"y":[-0.0461199762,0.029120638]},"0.978787660917423":{"x":[-0.0509032395,-0.5637622771],"y":[-0.0461199762,0.0211583791]},"1.0103614564308883":{"x":[-0.0509032395,-0.57883547],"y":[-0.0461199762,0.0131750291]},"1.0419352519443534":{"x":[-0.0509032395,-0.5933316672],"y":[-0.0461199762,0.005178546]},"1.0735090474578188":{"x":[-0.0509032395,-0.6072364184],"y":[-0.0461199762,-0.0028230992]},"1.105082842971284":{"x":[-0.0509032395,-0.6205358632],"y":[-0.0461199762,-0.0108219303]},"1.1366566384847494":{"x":[-0.0509032395,-0.6332167443],"y":[-0.0461199762,-0.0188099739]},"1.1682304339982146":{"x":[-0.0509032395,-0.6452664212],"y":[-0.0461199762,-0.0267792673]},"1.1998042295116798":{"x":[-0.0509032395,-0.6566728825],"y":[-0.0461199762,-0.0347218665]},"1.2313780250251452":{"x":[-0.0509032395,-0.667424758],"y":[-0.0461199762,-0.0426298542]},"1.2629518205386103":{"x":[-0.0509032395,-0.67751133],"y":[-0.0461199762,-0.0504953475]},"1.2945256160520755":{"x":[-0.0509032395,-0.686922544],"y":[-0.0461199762,-0.058310506]},"1.326099411565541":{"x":[-0.0509032395,-0.6956490186],"y":[-0.0461199762,-0.0660675393]},"1.357673207079006":{"x":[-0.0509032395,-0.7036820551],"y":[-0.0461199762,-0.073758715]},"1.3892470025924712":{"x":[-0.0509032395,-0.7110136461],"y":[-0.0461199762,-0.0813763665]},"1.4208207981059366":{"x":[-0.0509032395,-0.7176364832],"y":[-0.0461199762,-0.0889129002]},"1.4523945936194018":{"x":[-0.0509032395,-0.7235439647],"y":[-0.0461199762,-0.0963608036]},"1.4839683891328672":{"x":[-0.0509032395,-0.7287302018],"y":[-0.0461199762,-0.1037126525]},"1.5155421846463324":{"x":[-0.0509032395,-0.7331900248],"y":[-0.0461199762,-0.1109611183]},"1.5471159801597976":{"x":[-0.0509032395,-0.736918988],"y":[-0.0461199762,-0.1180989757]},"1.578689775673263":{"x":[-0.0509032395,-0.7399133743],"y":[-0.0461199762,-0.1251191094]},"1.6102635711867281":{"x":[-0.0509032395,-0.7421701989],"y":[-0.0461199762,-0.1320145217]},"1.6418373667001935":{"x":[-0.0509032395,-0.7436872122],"y":[-0.0461199762,-0.1387783391]},"1.6734111622136587":{"x":[-0.0509032395,-0.7444629018],"y":[-0.0461199762,-0.1454038192]},"1.7049849577271239":{"x":[-0.0509032395,-0.7444964946],"y":[-0.0461199762,-0.1518843576]},"1.7365587532405893":{"x":[-0.0509032395,-0.7437879571],"y":[-0.0461199762,-0.1582134943]},"1.7681325487540545":{"x":[-0.0509032395,-0.7423379956],"y":[-0.0461199762,-0.1643849204]},"1.7997063442675196":{"x":[-0.0509032395,-0.7401480555],"y":[-0.0461199762,-0.1703924841]},"1.831280139780985":{"x":[-0.0509032395,-0.7372203196],"y":[-0.0461199762,-0.1762301968]},"1.8628539352944502":{"x":[-0.0509032395,-0.7335577065],"y":[-0.0461199762,-0.1818922394]},"1.8944277308079154":{"x":[-0.0509032395,-0.7291638672],"y":[-0.0461199762,-0.1873729679]},"1.9260015263213808":{"x":[-0.0509032395,-0.7240431814],"y":[-0.0461199762,-0.1926669189]},"1.957575321834846":{"x":[-0.0509032395,-0.7182007537],"y":[-0.0461199762,-0.1977688154]},"1.9891491173483113":{"x":[-0.0509032395,-0.7116424078],"y":[-0.0461199762,-0.2026735716]},"2.0207229128617765":{"x":[-0.0509032395,-0.7043746813],"y":[-0.0461199762,-0.2073762984]},"2.0522967083752417":{"x":[-0.0509032395,-0.6964048188],"y":[-0.0461199762,-0.211872308]},"2.083870503888707":{"x":[-0.0509032395,-0.6877407648],"y":[-0.0461199762,-0.2161571186]},"2.1154442994021725":{"x":[-0.0509032395,-0.6783911559],"y":[-0.0461199762,-0.2202264591]},"2.1470180949156377":{"x":[-0.0509032395,-0.6683653119],"y":[-0.0461199762,-0.2240762732]},"2.178591890429103":{"x":[-0.0509032395,-0.6576732269],"y":[-0.0461199762,-0.2277027231]},"2.210165685942568":{"x":[-0.0509032395,-0.6463255588],"y":[-0.0461199762,-0.2311021939]},"2.241739481456033":{"x":[-0.0509032395,-0.6343336194],"y":[-0.0461199762,-0.2342712971]},"2.273313276969499":{"x":[-0.0509032395,-0.6217093625],"y":[-0.0461199762,-0.2372068736]},"2.304887072482964":{"x":[-0.0509032395,-0.6084653721],"y":[-0.0461199762,-0.2399059971]},"2.336460867996429":{"x":[-0.0509032395,-0.5946148502],"y":[-0.0461199762,-0.2423659771]},"2.3680346635098943":{"x":[-0.0509032395,-0.5801716033],"y":[-0.0461199762,-0.2445843614]},"2.3996084590233595":{"x":[-0.0509032395,-0.5651500288],"y":[-0.0461199762,-0.2465589387]},"2.4311822545368247":{"x":[-0.0509032395,-0.5495651004],"y":[-0.0461199762,-0.2482877407]},"2.4627560500502903":{"x":[-0.0509032395,-0.5334323535],"y":[-0.0461199762,-0.249769044]},"2.4943298455637555":{"x":[-0.0509032395,-0.5167678697],"y":[-0.0461199762,-0.2510013722]},"2.5259036410772207":{"x":[-0.0509032395,-0.4995882604],"y":[-0.0461199762,-0.2519834967]},"2.557477436590686":{"x":[-0.0509032395,-0.4819106507],"y":[-0.0461199762,-0.2527144386]},"2.589051232104151":{"x":[-0.0509032395,-0.463752662],"y":[-0.0461199762,-0.2531934692]},"2.6206250276176166":{"x":[-0.0509032395,-0.4451323945],"y":[-0.0461199762,-0.2534201111]},"2.652198823131082":{"x":[-0.0509032395,-0.4260684094],"y":[-0.0461199762,-0.2533941383]},"2.683772618644547":{"x":[-0.0509032395,-0.40657971],"y":[-0.0461199762,-0.2531155767]},"2.715346414158012":{"x":[-0.0509032395,-0.3866857231],"y":[-0.0461199762,-0.252584704]},"2.7469202096714773":{"x":[-0.0509032395,-0.3664062795],"y":[-0.0461199762,-0.2518020494]},"2.7784940051849425":{"x":[-0.0509032395,-0.3457615941],